"card_holder_name","number_of_trans_per_holder"
"Crystal Clark",221
"Matthew Gutierrez",216
"Megan Price",213
"Kevin Spencer",210
"John Martin",206
"Peter Mckay",205
"Brandon Pineda",204
"Mark Lewis",179
"Stephanie Dalton",166
"Danielle Green",148
"Sara Cooper",140
"Sean Taylor",139
"Kyle Tucker",138
"Malik Carlson",133
"Robert Johnson",133
"Beth Hernandez",128
"Nancy Contreras",124
"Michael Floyd",119
"Shane Shaffer",99
"Austin Johnson",67
"Dana Washington",67
"Gary Jacobs",65
"Michael Carroll",61
"Laurie Gibbs",61
"Elizabeth Sawyer",58
