"card_holder_name","trans_count"
"Megan Price",26
"Brandon Pineda",22
"Stephanie Dalton",22
"Peter Mckay",22
"Matthew Gutierrez",20
"Malik Carlson",19
"Kevin Spencer",19
"John Martin",19
"Crystal Clark",19
"Sean Taylor",18
"Nancy Contreras",16
"Mark Lewis",16
"Michael Floyd",16
"Danielle Green",16
"Sara Cooper",14
"Kyle Tucker",12
"Shane Shaffer",11
"Robert Johnson",10
"Gary Jacobs",9
"Austin Johnson",7
"Beth Hernandez",6
"Michael Carroll",4
"Dana Washington",4
"Laurie Gibbs",3
"Elizabeth Sawyer",3
